bond1CashFlow1:,2015-09-03,2.50
bond1CashFlow2:,2016-03-03,2.50
bond1CashFlow3:,2016-09-02,2.50
bond1CashFlow4:,2017-03-03,52.50

bond2CashFlow1:,2016-09-05,1.55
bond2CashFlow2:,2016-12-05,1.55
bond2CashFlow3:,2017-03-06,1.55
bond2CashFlow4:,2017-06-05,1.55
bond2CashFlow5:,2017-09-05,1.55
bond2CashFlow6:,2017-12-05,1.55
bond2CashFlow7:,2018-03-06,1.55
bond2CashFlow8:,2018-06-05,1.55
bond2CashFlow9:,2018-09-05,1.55
bond2CashFlow10:,2018-12-05,1.55
bond2CashFlow11:,2019-03-06,1.55
bond2CashFlow12:,2019-06-05,26.55

bond3CashFlow1:,2016-08-03,7.00
bond3CashFlow2:,2017-08-03,7.00
bond3CashFlow3:,2018-08-03,7.00
bond3CashFlow4:,2019-08-03,7.00
bond3CashFlow5:,2020-08-02,7.00
bond3CashFlow6:,2021-08-02,7.00
bond3CashFlow7:,2022-08-02,7.00
bond3CashFlow8:,2023-08-02,7.00
bond3CashFlow9:,2024-08-01,7.00
bond3CashFlow10:,2025-08-01,107.00

bond4CashFlow1:,2016-09-03,5000.00
bond4CashFlow2:,2017-03-04,5000.00
bond4CashFlow3:,2017-09-03,5000.00
bond4CashFlow4:,2018-03-04,5000.00
bond4CashFlow5:,2018-09-03,5000.00
bond4CashFlow6:,2019-03-04,5000.00
bond4CashFlow7:,2019-09-03,5000.00
bond4CashFlow8:,2020-03-03,5000.00
bond4CashFlow9:,2020-09-02,5000.00
bond4CashFlow10:,2021-03-03,5000.00
bond4CashFlow11:,2021-09-02,5000.00
bond4CashFlow12:,2022-03-03,5000.00
bond4CashFlow13:,2022-09-02,5000.00
bond4CashFlow14:,2023-03-03,5000.00
bond4CashFlow15:,2023-09-02,5000.00
bond4CashFlow16:,2024-03-02,5000.00
bond4CashFlow17:,2024-09-01,5000.00
bond4CashFlow18:,2025-03-02,5000.00
bond4CashFlow19:,2025-09-01,5000.00
bond4CashFlow20:,2026-03-02,5000.00
bond4CashFlow21:,2026-09-01,5000.00
bond4CashFlow22:,2027-03-02,5000.00
bond4CashFlow23:,2027-09-01,5000.00
bond4CashFlow24:,2028-03-01,5000.00
bond4CashFlow25:,2028-08-31,5000.00
bond4CashFlow26:,2029-03-01,5000.00
bond4CashFlow27:,2029-08-31,5000.00
bond4CashFlow28:,2030-03-01,5000.00
bond4CashFlow29:,2030-08-31,5000.00
bond4CashFlow30:,2031-03-01,5050.00

bond5CashFlow1:,2015-03-03,-10060.00
bond5CashFlow2:,2016-03-02,-10060.00
bond5CashFlow3:,2017-03-02,-10060.00
bond5CashFlow4:,2018-03-02,-10060.00
bond5CashFlow5:,2019-03-02,-10060.00
bond5CashFlow6:,2020-03-01,-10060.00
bond5CashFlow7:,2021-03-01,-10060.00
bond5CashFlow8:,2022-03-01,-10060.00
bond5CashFlow9:,2023-03-01,-10060.00
bond5CashFlow10:,2024-02-29,-9960.00

bond1CashFlow1:,2015-09-03,2.50
bond1CashFlow2:,2016-03-03,2.50
bond1CashFlow3:,2016-09-02,2.50
bond1CashFlow4:,2017-03-03,52.50

bond2CashFlow1:,2016-09-05,1.55
bond2CashFlow2:,2016-12-05,1.55
bond2CashFlow3:,2017-03-06,1.55
bond2CashFlow4:,2017-06-05,1.55
bond2CashFlow5:,2017-09-05,1.55
bond2CashFlow6:,2017-12-05,1.55
bond2CashFlow7:,2018-03-06,1.55
bond2CashFlow8:,2018-06-05,1.55
bond2CashFlow9:,2018-09-05,1.55
bond2CashFlow10:,2018-12-05,1.55
bond2CashFlow11:,2019-03-06,1.55
bond2CashFlow12:,2019-06-05,26.55

bond3CashFlow1:,2016-08-03,7.00
bond3CashFlow2:,2017-08-03,7.00
bond3CashFlow3:,2018-08-03,7.00
bond3CashFlow4:,2019-08-03,7.00
bond3CashFlow5:,2020-08-02,7.00
bond3CashFlow6:,2021-08-02,7.00
bond3CashFlow7:,2022-08-02,7.00
bond3CashFlow8:,2023-08-02,7.00
bond3CashFlow9:,2024-08-01,7.00
bond3CashFlow10:,2025-08-01,107.00

bond4CashFlow1:,2016-09-03,5000.00
bond4CashFlow2:,2017-03-04,5000.00
bond4CashFlow3:,2017-09-03,5000.00
bond4CashFlow4:,2018-03-04,5000.00
bond4CashFlow5:,2018-09-03,5000.00
bond4CashFlow6:,2019-03-04,5000.00
bond4CashFlow7:,2019-09-03,5000.00
bond4CashFlow8:,2020-03-03,5000.00
bond4CashFlow9:,2020-09-02,5000.00
bond4CashFlow10:,2021-03-03,5000.00
bond4CashFlow11:,2021-09-02,5000.00
bond4CashFlow12:,2022-03-03,5000.00
bond4CashFlow13:,2022-09-02,5000.00
bond4CashFlow14:,2023-03-03,5000.00
bond4CashFlow15:,2023-09-02,5000.00
bond4CashFlow16:,2024-03-02,5000.00
bond4CashFlow17:,2024-09-01,5000.00
bond4CashFlow18:,2025-03-02,5000.00
bond4CashFlow19:,2025-09-01,5000.00
bond4CashFlow20:,2026-03-02,5000.00
bond4CashFlow21:,2026-09-01,5000.00
bond4CashFlow22:,2027-03-02,5000.00
bond4CashFlow23:,2027-09-01,5000.00
bond4CashFlow24:,2028-03-01,5000.00
bond4CashFlow25:,2028-08-31,5000.00
bond4CashFlow26:,2029-03-01,5000.00
bond4CashFlow27:,2029-08-31,5000.00
bond4CashFlow28:,2030-03-01,5000.00
bond4CashFlow29:,2030-08-31,5000.00
bond4CashFlow30:,2031-03-01,5050.00

bond5CashFlow1:,2015-03-03,-10060.00
bond5CashFlow2:,2016-03-02,-10060.00
bond5CashFlow3:,2017-03-02,-10060.00
bond5CashFlow4:,2018-03-02,-10060.00
bond5CashFlow5:,2019-03-02,-10060.00
bond5CashFlow6:,2020-03-01,-10060.00
bond5CashFlow7:,2021-03-01,-10060.00
bond5CashFlow8:,2022-03-01,-10060.00
bond5CashFlow9:,2023-03-01,-10060.00
bond5CashFlow10:,2024-02-29,-9960.00

bond1CashFlow1:,2015-09-03,2.50
bond1CashFlow2:,2016-03-03,2.50
bond1CashFlow3:,2016-09-02,2.50
bond1CashFlow4:,2017-03-03,52.50

bond2CashFlow1:,2016-09-05,1.55
bond2CashFlow2:,2016-12-05,1.55
bond2CashFlow3:,2017-03-06,1.55
bond2CashFlow4:,2017-06-05,1.55
bond2CashFlow5:,2017-09-05,1.55
bond2CashFlow6:,2017-12-05,1.55
bond2CashFlow7:,2018-03-06,1.55
bond2CashFlow8:,2018-06-05,1.55
bond2CashFlow9:,2018-09-05,1.55
bond2CashFlow10:,2018-12-05,1.55
bond2CashFlow11:,2019-03-06,1.55
bond2CashFlow12:,2019-06-05,26.55

bond3CashFlow1:,2016-08-03,7.00
bond3CashFlow2:,2017-08-03,7.00
bond3CashFlow3:,2018-08-03,7.00
bond3CashFlow4:,2019-08-03,7.00
bond3CashFlow5:,2020-08-02,7.00
bond3CashFlow6:,2021-08-02,7.00
bond3CashFlow7:,2022-08-02,7.00
bond3CashFlow8:,2023-08-02,7.00
bond3CashFlow9:,2024-08-01,7.00
bond3CashFlow10:,2025-08-01,107.00

bond4CashFlow1:,2016-09-03,5000.00
bond4CashFlow2:,2017-03-04,5000.00
bond4CashFlow3:,2017-09-03,5000.00
bond4CashFlow4:,2018-03-04,5000.00
bond4CashFlow5:,2018-09-03,5000.00
bond4CashFlow6:,2019-03-04,5000.00
bond4CashFlow7:,2019-09-03,5000.00
bond4CashFlow8:,2020-03-03,5000.00
bond4CashFlow9:,2020-09-02,5000.00
bond4CashFlow10:,2021-03-03,5000.00
bond4CashFlow11:,2021-09-02,5000.00
bond4CashFlow12:,2022-03-03,5000.00
bond4CashFlow13:,2022-09-02,5000.00
bond4CashFlow14:,2023-03-03,5000.00
bond4CashFlow15:,2023-09-02,5000.00
bond4CashFlow16:,2024-03-02,5000.00
bond4CashFlow17:,2024-09-01,5000.00
bond4CashFlow18:,2025-03-02,5000.00
bond4CashFlow19:,2025-09-01,5000.00
bond4CashFlow20:,2026-03-02,5000.00
bond4CashFlow21:,2026-09-01,5000.00
bond4CashFlow22:,2027-03-02,5000.00
bond4CashFlow23:,2027-09-01,5000.00
bond4CashFlow24:,2028-03-01,5000.00
bond4CashFlow25:,2028-08-31,5000.00
bond4CashFlow26:,2029-03-01,5000.00
bond4CashFlow27:,2029-08-31,5000.00
bond4CashFlow28:,2030-03-01,5000.00
bond4CashFlow29:,2030-08-31,5000.00
bond4CashFlow30:,2031-03-01,5050.00

bond5CashFlow1:,2015-03-03,-10060.00
bond5CashFlow2:,2016-03-02,-10060.00
bond5CashFlow3:,2017-03-02,-10060.00
bond5CashFlow4:,2018-03-02,-10060.00
bond5CashFlow5:,2019-03-02,-10060.00
bond5CashFlow6:,2020-03-01,-10060.00
bond5CashFlow7:,2021-03-01,-10060.00
bond5CashFlow8:,2022-03-01,-10060.00
bond5CashFlow9:,2023-03-01,-10060.00
bond5CashFlow10:,2024-02-29,-9960.00

bond1CashFlow1:,2015-09-03,2.50
bond1CashFlow2:,2016-03-03,2.50
bond1CashFlow3:,2016-09-02,2.50
bond1CashFlow4:,2017-03-03,52.50

bond1CashFlow1:,2015-09-03,2.50
bond1CashFlow2:,2016-03-03,2.50
bond1CashFlow3:,2016-09-02,2.50
bond1CashFlow4:,2017-03-03,52.50

bond2CashFlow1:,2016-09-05,1.55
bond2CashFlow2:,2016-12-05,1.55
bond2CashFlow3:,2017-03-06,1.55
bond2CashFlow4:,2017-06-05,1.55
bond2CashFlow5:,2017-09-05,1.55
bond2CashFlow6:,2017-12-05,1.55
bond2CashFlow7:,2018-03-06,1.55
bond2CashFlow8:,2018-06-05,1.55
bond2CashFlow9:,2018-09-05,1.55
bond2CashFlow10:,2018-12-05,1.55
bond2CashFlow11:,2019-03-06,1.55
bond2CashFlow12:,2019-06-05,26.55

bond3CashFlow1:,2016-08-03,7.00
bond3CashFlow2:,2017-08-03,7.00
bond3CashFlow3:,2018-08-03,7.00
bond3CashFlow4:,2019-08-03,7.00
bond3CashFlow5:,2020-08-02,7.00
bond3CashFlow6:,2021-08-02,7.00
bond3CashFlow7:,2022-08-02,7.00
bond3CashFlow8:,2023-08-02,7.00
bond3CashFlow9:,2024-08-01,7.00
bond3CashFlow10:,2025-08-01,107.00

bond4CashFlow1:,2016-09-03,5000.00
bond4CashFlow2:,2017-03-04,5000.00
bond4CashFlow3:,2017-09-03,5000.00
bond4CashFlow4:,2018-03-04,5000.00
bond4CashFlow5:,2018-09-03,5000.00
bond4CashFlow6:,2019-03-04,5000.00
bond4CashFlow7:,2019-09-03,5000.00
bond4CashFlow8:,2020-03-03,5000.00
bond4CashFlow9:,2020-09-02,5000.00
bond4CashFlow10:,2021-03-03,5000.00
bond4CashFlow11:,2021-09-02,5000.00
bond4CashFlow12:,2022-03-03,5000.00
bond4CashFlow13:,2022-09-02,5000.00
bond4CashFlow14:,2023-03-03,5000.00
bond4CashFlow15:,2023-09-02,5000.00
bond4CashFlow16:,2024-03-02,5000.00
bond4CashFlow17:,2024-09-01,5000.00
bond4CashFlow18:,2025-03-02,5000.00
bond4CashFlow19:,2025-09-01,5000.00
bond4CashFlow20:,2026-03-02,5000.00
bond4CashFlow21:,2026-09-01,5000.00
bond4CashFlow22:,2027-03-02,5000.00
bond4CashFlow23:,2027-09-01,5000.00
bond4CashFlow24:,2028-03-01,5000.00
bond4CashFlow25:,2028-08-31,5000.00
bond4CashFlow26:,2029-03-01,5000.00
bond4CashFlow27:,2029-08-31,5000.00
bond4CashFlow28:,2030-03-01,5000.00
bond4CashFlow29:,2030-08-31,5000.00
bond4CashFlow30:,2031-03-01,5050.00

bond5CashFlow1:,2015-03-03,-10060.00
bond5CashFlow2:,2016-03-02,-10060.00
bond5CashFlow3:,2017-03-02,-10060.00
bond5CashFlow4:,2018-03-02,-10060.00
bond5CashFlow5:,2019-03-02,-10060.00
bond5CashFlow6:,2020-03-01,-10060.00
bond5CashFlow7:,2021-03-01,-10060.00
bond5CashFlow8:,2022-03-01,-10060.00
bond5CashFlow9:,2023-03-01,-10060.00
bond5CashFlow10:,2024-02-29,-9960.00

bond1CashFlow1:,2015-09-03,2.50
bond1CashFlow2:,2016-03-03,2.50
bond1CashFlow3:,2016-09-02,2.50
bond1CashFlow4:,2017-03-03,52.50

bond2CashFlow1:,2016-09-05,1.55
bond2CashFlow2:,2016-12-05,1.55
bond2CashFlow3:,2017-03-06,1.55
bond2CashFlow4:,2017-06-05,1.55
bond2CashFlow5:,2017-09-05,1.55
bond2CashFlow6:,2017-12-05,1.55
bond2CashFlow7:,2018-03-06,1.55
bond2CashFlow8:,2018-06-05,1.55
bond2CashFlow9:,2018-09-05,1.55
bond2CashFlow10:,2018-12-05,1.55
bond2CashFlow11:,2019-03-06,1.55
bond2CashFlow12:,2019-06-05,26.55

bond3CashFlow1:,2016-08-03,7.00
bond3CashFlow2:,2017-08-03,7.00
bond3CashFlow3:,2018-08-03,7.00
bond3CashFlow4:,2019-08-03,7.00
bond3CashFlow5:,2020-08-02,7.00
bond3CashFlow6:,2021-08-02,7.00
bond3CashFlow7:,2022-08-02,7.00
bond3CashFlow8:,2023-08-02,7.00
bond3CashFlow9:,2024-08-01,7.00
bond3CashFlow10:,2025-08-01,107.00

bond4CashFlow1:,2016-09-03,5000.00
bond4CashFlow2:,2017-03-04,5000.00
bond4CashFlow3:,2017-09-03,5000.00
bond4CashFlow4:,2018-03-04,5000.00
bond4CashFlow5:,2018-09-03,5000.00
bond4CashFlow6:,2019-03-04,5000.00
bond4CashFlow7:,2019-09-03,5000.00
bond4CashFlow8:,2020-03-03,5000.00
bond4CashFlow9:,2020-09-02,5000.00
bond4CashFlow10:,2021-03-03,5000.00
bond4CashFlow11:,2021-09-02,5000.00
bond4CashFlow12:,2022-03-03,5000.00
bond4CashFlow13:,2022-09-02,5000.00
bond4CashFlow14:,2023-03-03,5000.00
bond4CashFlow15:,2023-09-02,5000.00
bond4CashFlow16:,2024-03-02,5000.00
bond4CashFlow17:,2024-09-01,5000.00
bond4CashFlow18:,2025-03-02,5000.00
bond4CashFlow19:,2025-09-01,5000.00
bond4CashFlow20:,2026-03-02,5000.00
bond4CashFlow21:,2026-09-01,5000.00
bond4CashFlow22:,2027-03-02,5000.00
bond4CashFlow23:,2027-09-01,5000.00
bond4CashFlow24:,2028-03-01,5000.00
bond4CashFlow25:,2028-08-31,5000.00
bond4CashFlow26:,2029-03-01,5000.00
bond4CashFlow27:,2029-08-31,5000.00
bond4CashFlow28:,2030-03-01,5000.00
bond4CashFlow29:,2030-08-31,5000.00
bond4CashFlow30:,2031-03-01,5050.00

bond5CashFlow1:,2015-03-03,-10060.00
bond5CashFlow2:,2016-03-02,-10060.00
bond5CashFlow3:,2017-03-02,-10060.00
bond5CashFlow4:,2018-03-02,-10060.00
bond5CashFlow5:,2019-03-02,-10060.00
bond5CashFlow6:,2020-03-01,-10060.00
bond5CashFlow7:,2021-03-01,-10060.00
bond5CashFlow8:,2022-03-01,-10060.00
bond5CashFlow9:,2023-03-01,-10060.00
bond5CashFlow10:,2024-02-29,-9960.00

bond1CashFlow1:,2015-09-03,2.50
bond1CashFlow2:,2016-03-03,2.50
bond1CashFlow3:,2016-09-02,2.50
bond1CashFlow4:,2017-03-03,52.50

bond2CashFlow1:,2016-09-05,1.55
bond2CashFlow2:,2016-12-05,1.55
bond2CashFlow3:,2017-03-06,1.55
bond2CashFlow4:,2017-06-05,1.55
bond2CashFlow5:,2017-09-05,1.55
bond2CashFlow6:,2017-12-05,1.55
bond2CashFlow7:,2018-03-06,1.55
bond2CashFlow8:,2018-06-05,1.55
bond2CashFlow9:,2018-09-05,1.55
bond2CashFlow10:,2018-12-05,1.55
bond2CashFlow11:,2019-03-06,1.55
bond2CashFlow12:,2019-06-05,26.55

bond3CashFlow1:,2016-08-03,7.00
bond3CashFlow2:,2017-08-03,7.00
bond3CashFlow3:,2018-08-03,7.00
bond3CashFlow4:,2019-08-03,7.00
bond3CashFlow5:,2020-08-02,7.00
bond3CashFlow6:,2021-08-02,7.00
bond3CashFlow7:,2022-08-02,7.00
bond3CashFlow8:,2023-08-02,7.00
bond3CashFlow9:,2024-08-01,7.00
bond3CashFlow10:,2025-08-01,107.00

bond4CashFlow1:,2016-09-03,5000.00
bond4CashFlow2:,2017-03-04,5000.00
bond4CashFlow3:,2017-09-03,5000.00
bond4CashFlow4:,2018-03-04,5000.00
bond4CashFlow5:,2018-09-03,5000.00
bond4CashFlow6:,2019-03-04,5000.00
bond4CashFlow7:,2019-09-03,5000.00
bond4CashFlow8:,2020-03-03,5000.00
bond4CashFlow9:,2020-09-02,5000.00
bond4CashFlow10:,2021-03-03,5000.00
bond4CashFlow11:,2021-09-02,5000.00
bond4CashFlow12:,2022-03-03,5000.00
bond4CashFlow13:,2022-09-02,5000.00
bond4CashFlow14:,2023-03-03,5000.00
bond4CashFlow15:,2023-09-02,5000.00
bond4CashFlow16:,2024-03-02,5000.00
bond4CashFlow17:,2024-09-01,5000.00
bond4CashFlow18:,2025-03-02,5000.00
bond4CashFlow19:,2025-09-01,5000.00
bond4CashFlow20:,2026-03-02,5000.00
bond4CashFlow21:,2026-09-01,5000.00
bond4CashFlow22:,2027-03-02,5000.00
bond4CashFlow23:,2027-09-01,5000.00
bond4CashFlow24:,2028-03-01,5000.00
bond4CashFlow25:,2028-08-31,5000.00
bond4CashFlow26:,2029-03-01,5000.00
bond4CashFlow27:,2029-08-31,5000.00
bond4CashFlow28:,2030-03-01,5000.00
bond4CashFlow29:,2030-08-31,5000.00
bond4CashFlow30:,2031-03-01,5050.00

bond5CashFlow1:,2015-03-03,-10060.00
bond5CashFlow2:,2016-03-02,-10060.00
bond5CashFlow3:,2017-03-02,-10060.00
bond5CashFlow4:,2018-03-02,-10060.00
bond5CashFlow5:,2019-03-02,-10060.00
bond5CashFlow6:,2020-03-01,-10060.00
bond5CashFlow7:,2021-03-01,-10060.00
bond5CashFlow8:,2022-03-01,-10060.00
bond5CashFlow9:,2023-03-01,-10060.00
bond5CashFlow10:,2024-02-29,-9960.00

bond1CashFlow1:,2015-09-03,2.50
bond1CashFlow2:,2016-03-03,2.50
bond1CashFlow3:,2016-09-02,2.50
bond1CashFlow4:,2017-03-03,52.50

bond2CashFlow1:,2016-09-05,1.55
bond2CashFlow2:,2016-12-05,1.55
bond2CashFlow3:,2017-03-06,1.55
bond2CashFlow4:,2017-06-05,1.55
bond2CashFlow5:,2017-09-05,1.55
bond2CashFlow6:,2017-12-05,1.55
bond2CashFlow7:,2018-03-06,1.55
bond2CashFlow8:,2018-06-05,1.55
bond2CashFlow9:,2018-09-05,1.55
bond2CashFlow10:,2018-12-05,1.55
bond2CashFlow11:,2019-03-06,1.55
bond2CashFlow12:,2019-06-05,26.55

bond3CashFlow1:,2016-08-03,7.00
bond3CashFlow2:,2017-08-03,7.00
bond3CashFlow3:,2018-08-03,7.00
bond3CashFlow4:,2019-08-03,7.00
bond3CashFlow5:,2020-08-02,7.00
bond3CashFlow6:,2021-08-02,7.00
bond3CashFlow7:,2022-08-02,7.00
bond3CashFlow8:,2023-08-02,7.00
bond3CashFlow9:,2024-08-01,7.00
bond3CashFlow10:,2025-08-01,107.00

bond4CashFlow1:,2016-09-03,5000.00
bond4CashFlow2:,2017-03-04,5000.00
bond4CashFlow3:,2017-09-03,5000.00
bond4CashFlow4:,2018-03-04,5000.00
bond4CashFlow5:,2018-09-03,5000.00
bond4CashFlow6:,2019-03-04,5000.00
bond4CashFlow7:,2019-09-03,5000.00
bond4CashFlow8:,2020-03-03,5000.00
bond4CashFlow9:,2020-09-02,5000.00
bond4CashFlow10:,2021-03-03,5000.00
bond4CashFlow11:,2021-09-02,5000.00
bond4CashFlow12:,2022-03-03,5000.00
bond4CashFlow13:,2022-09-02,5000.00
bond4CashFlow14:,2023-03-03,5000.00
bond4CashFlow15:,2023-09-02,5000.00
bond4CashFlow16:,2024-03-02,5000.00
bond4CashFlow17:,2024-09-01,5000.00
bond4CashFlow18:,2025-03-02,5000.00
bond4CashFlow19:,2025-09-01,5000.00
bond4CashFlow20:,2026-03-02,5000.00
bond4CashFlow21:,2026-09-01,5000.00
bond4CashFlow22:,2027-03-02,5000.00
bond4CashFlow23:,2027-09-01,5000.00
bond4CashFlow24:,2028-03-01,5000.00
bond4CashFlow25:,2028-08-31,5000.00
bond4CashFlow26:,2029-03-01,5000.00
bond4CashFlow27:,2029-08-31,5000.00
bond4CashFlow28:,2030-03-01,5000.00
bond4CashFlow29:,2030-08-31,5000.00
bond4CashFlow30:,2031-03-01,5050.00

bond5CashFlow1:,2015-03-03,-10060.00
bond5CashFlow2:,2016-03-02,-10060.00
bond5CashFlow3:,2017-03-02,-10060.00
bond5CashFlow4:,2018-03-02,-10060.00
bond5CashFlow5:,2019-03-02,-10060.00
bond5CashFlow6:,2020-03-01,-10060.00
bond5CashFlow7:,2021-03-01,-10060.00
bond5CashFlow8:,2022-03-01,-10060.00
bond5CashFlow9:,2023-03-01,-10060.00
bond5CashFlow10:,2024-02-29,-9960.00

bond1CashFlow1:,2015-09-03,2.50
bond1CashFlow2:,2016-03-03,2.50
bond1CashFlow3:,2016-09-02,2.50
bond1CashFlow4:,2017-03-03,52.50

bond2CashFlow1:,2016-09-05,1.55
bond2CashFlow2:,2016-12-05,1.55
bond2CashFlow3:,2017-03-06,1.55
bond2CashFlow4:,2017-06-05,1.55
bond2CashFlow5:,2017-09-05,1.55
bond2CashFlow6:,2017-12-05,1.55
bond2CashFlow7:,2018-03-06,1.55
bond2CashFlow8:,2018-06-05,1.55
bond2CashFlow9:,2018-09-05,1.55
bond2CashFlow10:,2018-12-05,1.55
bond2CashFlow11:,2019-03-06,1.55
bond2CashFlow12:,2019-06-05,26.55

bond3CashFlow1:,2016-08-03,7.00
bond3CashFlow2:,2017-08-03,7.00
bond3CashFlow3:,2018-08-03,7.00
bond3CashFlow4:,2019-08-03,7.00
bond3CashFlow5:,2020-08-02,7.00
bond3CashFlow6:,2021-08-02,7.00
bond3CashFlow7:,2022-08-02,7.00
bond3CashFlow8:,2023-08-02,7.00
bond3CashFlow9:,2024-08-01,7.00
bond3CashFlow10:,2025-08-01,107.00

bond4CashFlow1:,2016-09-03,5000.00
bond4CashFlow2:,2017-03-04,5000.00
bond4CashFlow3:,2017-09-03,5000.00
bond4CashFlow4:,2018-03-04,5000.00
bond4CashFlow5:,2018-09-03,5000.00
bond4CashFlow6:,2019-03-04,5000.00
bond4CashFlow7:,2019-09-03,5000.00
bond4CashFlow8:,2020-03-03,5000.00
bond4CashFlow9:,2020-09-02,5000.00
bond4CashFlow10:,2021-03-03,5000.00
bond4CashFlow11:,2021-09-02,5000.00
bond4CashFlow12:,2022-03-03,5000.00
bond4CashFlow13:,2022-09-02,5000.00
bond4CashFlow14:,2023-03-03,5000.00
bond4CashFlow15:,2023-09-02,5000.00
bond4CashFlow16:,2024-03-02,5000.00
bond4CashFlow17:,2024-09-01,5000.00
bond4CashFlow18:,2025-03-02,5000.00
bond4CashFlow19:,2025-09-01,5000.00
bond4CashFlow20:,2026-03-02,5000.00
bond4CashFlow21:,2026-09-01,5000.00
bond4CashFlow22:,2027-03-02,5000.00
bond4CashFlow23:,2027-09-01,5000.00
bond4CashFlow24:,2028-03-01,5000.00
bond4CashFlow25:,2028-08-31,5000.00
bond4CashFlow26:,2029-03-01,5000.00
bond4CashFlow27:,2029-08-31,5000.00
bond4CashFlow28:,2030-03-01,5000.00
bond4CashFlow29:,2030-08-31,5000.00
bond4CashFlow30:,2031-03-01,5050.00

bond5CashFlow1:,2015-03-03,-10060.00
bond5CashFlow2:,2016-03-02,-10060.00
bond5CashFlow3:,2017-03-02,-10060.00
bond5CashFlow4:,2018-03-02,-10060.00
bond5CashFlow5:,2019-03-02,-10060.00
bond5CashFlow6:,2020-03-01,-10060.00
bond5CashFlow7:,2021-03-01,-10060.00
bond5CashFlow8:,2022-03-01,-10060.00
bond5CashFlow9:,2023-03-01,-10060.00
bond5CashFlow10:,2024-02-29,-9960.00

bond1CashFlow1:,2015-09-03,2.50
bond1CashFlow2:,2016-03-03,2.50
bond1CashFlow3:,2016-09-02,2.50
bond1CashFlow4:,2017-03-03,52.50

bond2CashFlow1:,2016-09-05,1.55
bond2CashFlow2:,2016-12-05,1.55
bond2CashFlow3:,2017-03-06,1.55
bond2CashFlow4:,2017-06-05,1.55
bond2CashFlow5:,2017-09-05,1.55
bond2CashFlow6:,2017-12-05,1.55
bond2CashFlow7:,2018-03-06,1.55
bond2CashFlow8:,2018-06-05,1.55
bond2CashFlow9:,2018-09-05,1.55
bond2CashFlow10:,2018-12-05,1.55
bond2CashFlow11:,2019-03-06,1.55
bond2CashFlow12:,2019-06-05,26.55

bond3CashFlow1:,2016-08-03,7.00
bond3CashFlow2:,2017-08-03,7.00
bond3CashFlow3:,2018-08-03,7.00
bond3CashFlow4:,2019-08-03,7.00
bond3CashFlow5:,2020-08-02,7.00
bond3CashFlow6:,2021-08-02,7.00
bond3CashFlow7:,2022-08-02,7.00
bond3CashFlow8:,2023-08-02,7.00
bond3CashFlow9:,2024-08-01,7.00
bond3CashFlow10:,2025-08-01,107.00

bond4CashFlow1:,2016-09-03,5000.00
bond4CashFlow2:,2017-03-04,5000.00
bond4CashFlow3:,2017-09-03,5000.00
bond4CashFlow4:,2018-03-04,5000.00
bond4CashFlow5:,2018-09-03,5000.00
bond4CashFlow6:,2019-03-04,5000.00
bond4CashFlow7:,2019-09-03,5000.00
bond4CashFlow8:,2020-03-03,5000.00
bond4CashFlow9:,2020-09-02,5000.00
bond4CashFlow10:,2021-03-03,5000.00
bond4CashFlow11:,2021-09-02,5000.00
bond4CashFlow12:,2022-03-03,5000.00
bond4CashFlow13:,2022-09-02,5000.00
bond4CashFlow14:,2023-03-03,5000.00
bond4CashFlow15:,2023-09-02,5000.00
bond4CashFlow16:,2024-03-02,5000.00
bond4CashFlow17:,2024-09-01,5000.00
bond4CashFlow18:,2025-03-02,5000.00
bond4CashFlow19:,2025-09-01,5000.00
bond4CashFlow20:,2026-03-02,5000.00
bond4CashFlow21:,2026-09-01,5000.00
bond4CashFlow22:,2027-03-02,5000.00
bond4CashFlow23:,2027-09-01,5000.00
bond4CashFlow24:,2028-03-01,5000.00
bond4CashFlow25:,2028-08-31,5000.00
bond4CashFlow26:,2029-03-01,5000.00
bond4CashFlow27:,2029-08-31,5000.00
bond4CashFlow28:,2030-03-01,5000.00
bond4CashFlow29:,2030-08-31,5000.00
bond4CashFlow30:,2031-03-01,5050.00

bond5CashFlow1:,2015-03-03,-10060.00
bond5CashFlow2:,2016-03-02,-10060.00
bond5CashFlow3:,2017-03-02,-10060.00
bond5CashFlow4:,2018-03-02,-10060.00
bond5CashFlow5:,2019-03-02,-10060.00
bond5CashFlow6:,2020-03-01,-10060.00
bond5CashFlow7:,2021-03-01,-10060.00
bond5CashFlow8:,2022-03-01,-10060.00
bond5CashFlow9:,2023-03-01,-10060.00
bond5CashFlow10:,2024-02-29,-9960.00

